id,name,iata,icao,country,year_created,base,fleet,logo_url,brandmark_url,tail_logo_url,created_at,updated_at
1,"Middle East Airlines",ME,MEA,Lebanon,1945,"Beirut-Rafic Hariri International Airport","{""A21N"":9,""A320"":10,""A332"":5,""E550"":1,""total"":25}",https://api-ninjas-data.s3.us-west-2.amazonaws.com/airline_logos/full_logo/middle_east_airlines.png,https://api-ninjas-data.s3.us-west-2.amazonaws.com/airline_logos/brandmark/middle_east_airlines.png,https://api-ninjas-data.s3.us-west-2.amazonaws.com/airline_logos/tail_logo/middle_east_airlines.png,"2026-06-24 00:09:56","2026-06-24 00:15:20"
2,"Ethiopian Airlines",ET,ETH,Ethiopia,1945,"Addis Ababa Bole International Airport","{""A359"":18,""B38M"":11,""B737"":4,""B738"":16,""B763"":2,""B77L"":15,""B77W"":4,""B788"":19,""B789"":9,""DH8D"":25,""total"":123}",https://api-ninjas-data.s3.us-west-2.amazonaws.com/airline_logos/full_logo/ethiopian_airlines.png,https://api-ninjas-data.s3.us-west-2.amazonaws.com/airline_logos/brandmark/ethiopian_airlines.png,https://api-ninjas-data.s3.us-west-2.amazonaws.com/airline_logos/tail_logo/ethiopian_airlines.png,"2026-06-24 00:22:32","2026-06-24 00:22:32"
3,"Turkish Airlines",TK,THY,"Türkiye",1933,"Istanbul Airport","{""A21N"":35,""A319"":6,""A320"":11,""A321"":62,""A332"":21,""A333"":36,""A359"":9,""B38M"":22,""B39M"":5,""B738"":43,""B739"":15,""B77L"":8,""B77W"":33,""B789"":18,""total"":324}",https://api-ninjas-data.s3.us-west-2.amazonaws.com/airline_logos/full_logo/turkish_airlines.png,https://api-ninjas-data.s3.us-west-2.amazonaws.com/airline_logos/brandmark/turkish_airlines.png,https://api-ninjas-data.s3.us-west-2.amazonaws.com/airline_logos/tail_logo/turkish_airlines.png,"2026-06-24 00:29:22","2026-06-24 00:29:22"
4,"Pegasus Airlines",PC,PGT,"Türkiye",1990,"Sabiha Gokcen International Airport","{""A20N"":46,""A21N"":15,""A320"":10,""B738"":22,""total"":93}",https://api-ninjas-data.s3.us-west-2.amazonaws.com/airline_logos/full_logo/pegasus_airlines.png,https://api-ninjas-data.s3.us-west-2.amazonaws.com/airline_logos/brandmark/pegasus_airlines.png,https://api-ninjas-data.s3.us-west-2.amazonaws.com/airline_logos/tail_logo/pegasus_airlines.png,"2026-06-24 00:30:51","2026-06-24 00:30:51"
5,EgyptAir,MS,MSR,Egypt,1932,"Cairo International Airport","{""A20N"":8,""A332"":1,""A333"":4,""B738"":29,""B77W"":6,""B789"":6,""BCS3"":10,""total"":64}",https://api-ninjas-data.s3.us-west-2.amazonaws.com/airline_logos/full_logo/egyptair.png,https://api-ninjas-data.s3.us-west-2.amazonaws.com/airline_logos/brandmark/egyptair.png,https://api-ninjas-data.s3.us-west-2.amazonaws.com/airline_logos/tail_logo/egyptair.png,"2026-06-24 00:42:44","2026-06-24 00:42:44"
6,"Royal Jordanian",RJ,RJA,Jordan,1963,"Queen Alia International Airport","{""A310"":1,""A319"":5,""A320"":6,""A321"":3,""B788"":7,""E195"":2,""E75S"":2,""total"":26}",https://api-ninjas-data.s3.us-west-2.amazonaws.com/airline_logos/full_logo/royal_jordanian.png,https://api-ninjas-data.s3.us-west-2.amazonaws.com/airline_logos/brandmark/royal_jordanian.png,https://api-ninjas-data.s3.us-west-2.amazonaws.com/airline_logos/tail_logo/royal_jordanian.png,"2026-06-24 00:44:14","2026-06-24 00:44:14"
7,FlyDubai,FZ,FDB,"United Arab Emirates",2008,"Dubai International Airport","{""B38M"":30,""B39M"":3,""B738"":34,""total"":67}",https://api-ninjas-data.s3.us-west-2.amazonaws.com/airline_logos/full_logo/flydubai.png,https://api-ninjas-data.s3.us-west-2.amazonaws.com/airline_logos/brandmark/flydubai.png,https://api-ninjas-data.s3.us-west-2.amazonaws.com/airline_logos/tail_logo/flydubai.png,"2026-06-24 00:45:03","2026-06-24 00:45:03"
8,"Air Arabia",G9,ABY,"United Arab Emirates",2003,"Sharjah International Airport","{""A21N"":6,""A320"":49,""total"":55}",https://api-ninjas-data.s3.us-west-2.amazonaws.com/airline_logos/full_logo/air_arabia.png,https://api-ninjas-data.s3.us-west-2.amazonaws.com/airline_logos/brandmark/air_arabia.png,https://api-ninjas-data.s3.us-west-2.amazonaws.com/airline_logos/tail_logo/air_arabia.png,"2026-06-24 00:54:03","2026-06-24 00:54:03"
9,"Cyprus Airways",CY,CYP,Cyprus,2016,"Larnaca International Airport","{""A319"":1,""A320"":1,""total"":2}",https://api-ninjas-data.s3.us-west-2.amazonaws.com/airline_logos/full_logo/cyprus_airways.png,https://api-ninjas-data.s3.us-west-2.amazonaws.com/airline_logos/brandmark/cyprus_airways.png,https://api-ninjas-data.s3.us-west-2.amazonaws.com/airline_logos/tail_logo/cyprus_airways.png,"2026-06-24 00:55:33","2026-06-24 00:55:33"
10,Emirates,EK,UAE,"United Arab Emirates",1985,"Dubai International Airport","{""A388"":122,""B77L"":21,""B77W"":124,""total"":267}",https://api-ninjas-data.s3.us-west-2.amazonaws.com/airline_logos/full_logo/emirates.png,https://api-ninjas-data.s3.us-west-2.amazonaws.com/airline_logos/brandmark/emirates.png,https://api-ninjas-data.s3.us-west-2.amazonaws.com/airline_logos/tail_logo/emirates.png,"2026-06-24 00:56:42","2026-06-24 00:56:42"
11,"Etihad Airways",EY,ETD,"United Arab Emirates",2003,"Abu Dhabi International Airport","{""A320"":18,""A321"":9,""A35K"":5,""A388"":10,""B77L"":5,""B77W"":12,""B789"":30,""B78X"":10,""total"":99}",https://api-ninjas-data.s3.us-west-2.amazonaws.com/airline_logos/full_logo/etihad_airways.png,https://api-ninjas-data.s3.us-west-2.amazonaws.com/airline_logos/brandmark/etihad_airways.png,https://api-ninjas-data.s3.us-west-2.amazonaws.com/airline_logos/tail_logo/etihad_airways.png,"2026-06-24 00:57:50","2026-06-24 00:57:50"
12,"Iraqi Airways",IA,IAW,Iraq,1945,"Baghdad International Airport","{""A320"":3,""A321"":2,""A332"":1,""B737"":1,""B738"":15,""B744"":2,""B77L"":1,""BCS3"":2,""CRJ9"":5,""total"":32}",https://api-ninjas-data.s3.us-west-2.amazonaws.com/airline_logos/full_logo/iraqi_airways.png,https://api-ninjas-data.s3.us-west-2.amazonaws.com/airline_logos/brandmark/iraqi_airways.png,https://api-ninjas-data.s3.us-west-2.amazonaws.com/airline_logos/tail_logo/iraqi_airways.png,"2026-06-24 00:58:29","2026-06-24 00:58:29"
13,"Jazeera Airways",J9,JZR,Kuwait,2004,"Kuwait International Airport","{""A20N"":9,""A320"":8,""total"":17}",https://api-ninjas-data.s3.us-west-2.amazonaws.com/airline_logos/full_logo/jazeera_airways.png,https://api-ninjas-data.s3.us-west-2.amazonaws.com/airline_logos/brandmark/jazeera_airways.png,https://api-ninjas-data.s3.us-west-2.amazonaws.com/airline_logos/tail_logo/jazeera_airways.png,"2026-06-24 01:00:44","2026-06-24 01:00:44"
14,"Kuwait Airways",KU,KAC,Kuwait,1953,"Kuwait International Airport","{""A20N"":6,""A320"":7,""A332"":5,""A338"":2,""B77W"":10,""total"":30}",https://api-ninjas-data.s3.us-west-2.amazonaws.com/airline_logos/full_logo/kuwait_airways.png,https://api-ninjas-data.s3.us-west-2.amazonaws.com/airline_logos/brandmark/kuwait_airways.png,https://api-ninjas-data.s3.us-west-2.amazonaws.com/airline_logos/tail_logo/kuwait_airways.png,"2026-06-24 01:01:18","2026-06-24 01:01:18"
15,"Qatar Airways",QR,QTR,Qatar,1993,"Hamad International Airport","{""A320"":29,""A321"":3,""A332"":6,""A333"":8,""A359"":34,""A35K"":19,""A388"":10,""B748"":2,""B77L"":35,""B77W"":52,""B788"":30,""B789"":16,""total"":244}",https://api-ninjas-data.s3.us-west-2.amazonaws.com/airline_logos/full_logo/qatar_airways.png,https://api-ninjas-data.s3.us-west-2.amazonaws.com/airline_logos/brandmark/qatar_airways.png,https://api-ninjas-data.s3.us-west-2.amazonaws.com/airline_logos/tail_logo/qatar_airways.png,"2026-06-24 01:03:37","2026-06-24 01:03:37"
16,"UR Airlines",UD,UBD,Iraq,2019,"Baghdad International Airport","{""B733"":1,""B734"":1,""total"":2}",https://api-ninjas-data.s3.us-west-2.amazonaws.com/airline_logos/full_logo/ur_airlines.png,https://api-ninjas-data.s3.us-west-2.amazonaws.com/airline_logos/brandmark/ur_airlines.png,https://api-ninjas-data.s3.us-west-2.amazonaws.com/airline_logos/tail_logo/ur_airlines.png,"2026-06-24 01:08:24","2026-06-24 01:08:24"
17,"LOT Polish",LO,LOT,Poland,1929,"Warsaw Chopin Airport","{""B38M"":12,""B738"":6,""B788"":8,""B789"":8,""DH8D"":12,""E170"":6,""E190"":7,""E195"":15,""E75S"":10,""total"":84}",https://api-ninjas-data.s3.us-west-2.amazonaws.com/airline_logos/full_logo/lot_polish.png,https://api-ninjas-data.s3.us-west-2.amazonaws.com/airline_logos/brandmark/lot_polish.png,https://api-ninjas-data.s3.us-west-2.amazonaws.com/airline_logos/tail_logo/lot_polish.png,"2026-06-24 01:12:16","2026-06-24 01:12:16"
18,SunExpress,XQ,SXS,"Türkiye",1989,"Izmir Adnan Menderes Airport","{""B38M"":9,""B738"":37,""total"":46}",https://api-ninjas-data.s3.us-west-2.amazonaws.com/airline_logos/full_logo/sunexpress.png,https://api-ninjas-data.s3.us-west-2.amazonaws.com/airline_logos/brandmark/sunexpress.png,https://api-ninjas-data.s3.us-west-2.amazonaws.com/airline_logos/tail_logo/sunexpress.png,"2026-06-24 01:13:00","2026-06-24 01:13:00"
19,"Air Arabia Abu Dhabi",3L,ADY,"United Arab Emirates",2019,"Abu Dhabi International Airport",[],https://api-ninjas-data.s3.us-west-2.amazonaws.com/airline_logos/full_logo/air_arabia_abu_dhabi.png,https://api-ninjas-data.s3.us-west-2.amazonaws.com/airline_logos/brandmark/air_arabia_abu_dhabi.png,https://api-ninjas-data.s3.us-west-2.amazonaws.com/airline_logos/tail_logo/air_arabia_abu_dhabi.png,"2026-06-24 01:15:11","2026-06-24 01:15:11"
20,"LATAM Airlines Group",LA,LAN,Chile,1929,"Santiago International Airport","{""A20N"":13,""A319"":45,""A320"":132,""A321"":48,""B763"":20,""B77W"":10,""B788"":10,""B789"":16,""total"":294}",https://api-ninjas-data.s3.us-west-2.amazonaws.com/airline_logos/full_logo/latam_airlines_group.png,https://api-ninjas-data.s3.us-west-2.amazonaws.com/airline_logos/brandmark/latam_airlines_group.png,https://api-ninjas-data.s3.us-west-2.amazonaws.com/airline_logos/tail_logo/latam_airlines_group.png,"2026-06-24 22:59:52","2026-06-24 22:59:52"
21,"Sky Airline",H2,SKU,Chile,2001,"Santiago International Airport","{""A20N"":25,""A21N"":3,""total"":28}",https://api-ninjas-data.s3.us-west-2.amazonaws.com/airline_logos/full_logo/sky_airline.png,https://api-ninjas-data.s3.us-west-2.amazonaws.com/airline_logos/brandmark/sky_airline.png,https://api-ninjas-data.s3.us-west-2.amazonaws.com/airline_logos/tail_logo/sky_airline.png,"2026-06-24 23:00:06","2026-06-24 23:00:06"
22,JetSMART,JA,JAT,Chile,2017,"Santiago International Airport","{""A20N"":7,""A320"":11,""total"":18}",https://api-ninjas-data.s3.us-west-2.amazonaws.com/airline_logos/full_logo/jetsmart.png,https://api-ninjas-data.s3.us-west-2.amazonaws.com/airline_logos/brandmark/jetsmart.png,https://api-ninjas-data.s3.us-west-2.amazonaws.com/airline_logos/tail_logo/jetsmart.png,"2026-06-24 23:03:57","2026-06-24 23:03:57"
23,"Aerolineas Argentinas",AR,ARG,Argentina,1949,"Aeroparque Internacional Jorge Newbery","{""A332"":9,""B38M"":5,""B737"":8,""B738"":29,""E190"":26,""total"":77}",https://api-ninjas-data.s3.us-west-2.amazonaws.com/airline_logos/full_logo/aerolineas_argentinas.png,https://api-ninjas-data.s3.us-west-2.amazonaws.com/airline_logos/brandmark/aerolineas_argentinas.png,https://api-ninjas-data.s3.us-west-2.amazonaws.com/airline_logos/tail_logo/aerolineas_argentinas.png,"2026-06-24 23:04:29","2026-06-24 23:04:29"
24,Iberia,IB,IBE,Spain,1927,"Madrid-Barajas Airport","{""A20N"":12,""A319"":6,""A320"":13,""A321"":11,""A332"":10,""A333"":8,""A359"":12,""AT76"":10,""CRJ2"":4,""CRJX"":26,""total"":112}",https://api-ninjas-data.s3.us-west-2.amazonaws.com/airline_logos/full_logo/iberia.png,https://api-ninjas-data.s3.us-west-2.amazonaws.com/airline_logos/brandmark/iberia.png,https://api-ninjas-data.s3.us-west-2.amazonaws.com/airline_logos/tail_logo/iberia.png,"2026-06-24 23:04:46","2026-06-24 23:04:46"
25,"American Airlines",AA,AAL,"United States",1926,"Dallas/Fort Worth International Airport","{""A21N"":55,""A319"":133,""A320"":48,""A321"":218,""B38M"":42,""B738"":303,""B772"":47,""B77W"":20,""B788"":34,""B789"":22,""CRJ7"":149,""CRJ9"":127,""E145"":111,""E170"":18,""E75L"":160,""E75S"":47,""total"":1534}",https://api-ninjas-data.s3.us-west-2.amazonaws.com/airline_logos/full_logo/american_airlines.png,https://api-ninjas-data.s3.us-west-2.amazonaws.com/airline_logos/brandmark/american_airlines.png,https://api-ninjas-data.s3.us-west-2.amazonaws.com/airline_logos/tail_logo/american_airlines.png,"2026-06-24 23:05:00","2026-06-24 23:05:00"
26,"avianca airlines",AV,AVA,Colombia,1919,"El Dorado International Airport","{""A20N"":16,""A319"":22,""A320"":71,""A321"":2,""A332"":4,""AT76"":3,""B788"":13,""total"":131}",https://api-ninjas-data.s3.us-west-2.amazonaws.com/airline_logos/full_logo/avianca_airlines.png,https://api-ninjas-data.s3.us-west-2.amazonaws.com/airline_logos/brandmark/avianca_airlines.png,https://api-ninjas-data.s3.us-west-2.amazonaws.com/airline_logos/tail_logo/avianca_airlines.png,"2026-06-24 23:05:10","2026-06-24 23:05:10"
27,"Air France",AF,AFR,France,1933,"Paris-Charles De Gaulle Airport","{""A318"":12,""A319"":30,""A320"":42,""A321"":19,""A332"":15,""A359"":20,""B772"":20,""B77L"":2,""B77W"":43,""B789"":10,""BCS3"":10,""CRJX"":14,""E170"":14,""E190"":19,""total"":270}",https://api-ninjas-data.s3.us-west-2.amazonaws.com/airline_logos/full_logo/air_france.png,https://api-ninjas-data.s3.us-west-2.amazonaws.com/airline_logos/brandmark/air_france.png,https://api-ninjas-data.s3.us-west-2.amazonaws.com/airline_logos/tail_logo/air_france.png,"2026-06-24 23:08:01","2026-06-24 23:08:01"
28,"British Airways",BA,BAW,"United Kingdom",1974,"London Heathrow Airport","{""A20N"":17,""A21N"":10,""A319"":30,""A320"":67,""A321"":18,""A35K"":12,""A388"":12,""B772"":43,""B77W"":16,""B788"":12,""B789"":18,""B78X"":7,""E190"":23,""J328"":3,""total"":288}",https://api-ninjas-data.s3.us-west-2.amazonaws.com/airline_logos/full_logo/british_airways.png,https://api-ninjas-data.s3.us-west-2.amazonaws.com/airline_logos/brandmark/british_airways.png,https://api-ninjas-data.s3.us-west-2.amazonaws.com/airline_logos/tail_logo/british_airways.png,"2026-06-24 23:08:22","2026-06-24 23:08:22"
29,Delta,DL,DAL,"United States",1924,"Hartsfield-Jackson Atlanta International Airport","{""A21N"":4,""A319"":57,""A320"":54,""A321"":127,""A332"":11,""A333"":31,""A339"":16,""A359"":24,""B712"":58,""B738"":77,""B739"":159,""B752"":111,""B753"":16,""B763"":41,""B764"":21,""BCS1"":45,""BCS3"":11,""CRJ2"":72,""CRJ7"":26,""CRJ9"":164,""E170"":14,""E75L"":69,""E75S"":48,""total"":1256}",https://api-ninjas-data.s3.us-west-2.amazonaws.com/airline_logos/full_logo/delta.png,https://api-ninjas-data.s3.us-west-2.amazonaws.com/airline_logos/brandmark/delta.png,https://api-ninjas-data.s3.us-west-2.amazonaws.com/airline_logos/tail_logo/delta.png,"2026-06-24 23:08:32","2026-06-24 23:08:32"
30,"Copa Airlines",CM,CMP,Panama,1944,"Tocumen International Airport","{""B39M"":17,""B737"":3,""B738"":60,""total"":80}",https://api-ninjas-data.s3.us-west-2.amazonaws.com/airline_logos/full_logo/copa_airlines.png,https://api-ninjas-data.s3.us-west-2.amazonaws.com/airline_logos/brandmark/copa_airlines.png,https://api-ninjas-data.s3.us-west-2.amazonaws.com/airline_logos/tail_logo/copa_airlines.png,"2026-06-24 23:08:40","2026-06-24 23:08:40"
31,KLM,KL,KLM,Netherlands,1919,"Amsterdam Airport Schiphol","{""A332"":7,""A333"":5,""B737"":10,""B738"":31,""B739"":5,""B744"":3,""B772"":15,""B77W"":16,""B789"":13,""B78X"":9,""E190"":30,""E295"":11,""E75L"":17,""total"":172}",https://api-ninjas-data.s3.us-west-2.amazonaws.com/airline_logos/full_logo/klm.png,https://api-ninjas-data.s3.us-west-2.amazonaws.com/airline_logos/brandmark/klm.png,https://api-ninjas-data.s3.us-west-2.amazonaws.com/airline_logos/tail_logo/klm.png,"2026-06-24 23:09:06","2026-06-24 23:09:06"
32,Qantas,QF,QFA,Australia,1920,"Sydney Airport","{""A320"":12,""A321"":3,""A332"":18,""A333"":10,""A388"":12,""B712"":20,""B733"":4,""B734"":1,""B738"":75,""B763"":1,""B789"":14,""DH8B"":3,""DH8C"":16,""DH8D"":31,""E190"":3,""F100"":18,""total"":241}",https://api-ninjas-data.s3.us-west-2.amazonaws.com/airline_logos/full_logo/qantas.png,https://api-ninjas-data.s3.us-west-2.amazonaws.com/airline_logos/brandmark/qantas.png,https://api-ninjas-data.s3.us-west-2.amazonaws.com/airline_logos/tail_logo/qantas.png,"2026-06-24 23:09:17","2026-06-24 23:09:17"
33,"Azul Airlines",AD,AZU,Brazil,2008,"Viracopos International Airport","{""A20N"":44,""A21N"":6,""A332"":7,""A339"":4,""AT76"":36,""B734"":2,""C208"":20,""E190"":2,""E195"":48,""E295"":9,""PC12"":2,""total"":180}",https://api-ninjas-data.s3.us-west-2.amazonaws.com/airline_logos/full_logo/azul_airlines.png,https://api-ninjas-data.s3.us-west-2.amazonaws.com/airline_logos/brandmark/azul_airlines.png,https://api-ninjas-data.s3.us-west-2.amazonaws.com/airline_logos/tail_logo/azul_airlines.png,"2026-06-24 23:09:58","2026-06-24 23:09:58"
34,Arajet,DM,DWI,"Dominican Republic",2014,"Las Americas International Airport","{""B38M"":4,""total"":4}",https://api-ninjas-data.s3.us-west-2.amazonaws.com/airline_logos/full_logo/arajet.png,https://api-ninjas-data.s3.us-west-2.amazonaws.com/airline_logos/brandmark/arajet.png,https://api-ninjas-data.s3.us-west-2.amazonaws.com/airline_logos/tail_logo/arajet.png,"2026-06-24 23:10:24","2026-06-24 23:10:24"
35,jetBlue,B6,JBU,"United States",1998,"John F. Kennedy International Airport","{""A21N"":21,""A320"":130,""A321"":67,""BCS3"":10,""E190"":60,""total"":288}",https://api-ninjas-data.s3.us-west-2.amazonaws.com/airline_logos/full_logo/jetblue.png,https://api-ninjas-data.s3.us-west-2.amazonaws.com/airline_logos/brandmark/jetblue.png,https://api-ninjas-data.s3.us-west-2.amazonaws.com/airline_logos/tail_logo/jetblue.png,"2026-06-25 04:34:22","2026-06-25 04:34:22"
36,"Royal Air Maroc",AT,RAM,Morocco,1957,"Mohammed V International Airport","{""AT76"":6,""B38M"":4,""B737"":6,""B738"":31,""B763"":1,""B788"":5,""B789"":4,""E190"":4,""total"":61}",https://api-ninjas-data.s3.us-west-2.amazonaws.com/airline_logos/full_logo/royal_air_maroc.png,https://api-ninjas-data.s3.us-west-2.amazonaws.com/airline_logos/brandmark/royal_air_maroc.png,https://api-ninjas-data.s3.us-west-2.amazonaws.com/airline_logos/tail_logo/royal_air_maroc.png,"2026-06-25 04:35:28","2026-06-25 04:35:28"
37,airBaltic,BT,BTI,Latvia,1995,"Riga International Airport","{""BCS3"":36,""total"":36}",https://api-ninjas-data.s3.us-west-2.amazonaws.com/airline_logos/full_logo/airbaltic.png,https://api-ninjas-data.s3.us-west-2.amazonaws.com/airline_logos/brandmark/airbaltic.png,https://api-ninjas-data.s3.us-west-2.amazonaws.com/airline_logos/tail_logo/airbaltic.png,"2026-06-25 04:36:32","2026-06-25 04:36:32"
38,"Air Astana",KC,KZR,Kazakhstan,2001,"","{""A20N"":7,""A21N"":12,""A320"":3,""A321"":2,""B752"":1,""B763"":3,""E290"":6,""total"":34}",https://api-ninjas-data.s3.us-west-2.amazonaws.com/airline_logos/full_logo/air_astana.png,https://api-ninjas-data.s3.us-west-2.amazonaws.com/airline_logos/brandmark/air_astana.png,https://api-ninjas-data.s3.us-west-2.amazonaws.com/airline_logos/tail_logo/air_astana.png,"2026-06-25 04:38:26","2026-06-25 04:38:26"
39,IndiGo,6E,IGO,India,2006,"Indira Gandhi International Airport","{""A20N"":142,""A21N"":62,""A320"":22,""AT76"":35,""total"":261}",https://api-ninjas-data.s3.us-west-2.amazonaws.com/airline_logos/full_logo/indigo.png,https://api-ninjas-data.s3.us-west-2.amazonaws.com/airline_logos/brandmark/indigo.png,https://api-ninjas-data.s3.us-west-2.amazonaws.com/airline_logos/tail_logo/indigo.png,"2026-06-25 04:39:29","2026-06-25 04:39:29"
40,"MIAT Mongolian Airlines",OM,MGL,Mongolia,1953,"Buyant-Ukhaa International Airport","{""B38M"":1,""B738"":3,""B763"":1,""B789"":1,""total"":6}",https://api-ninjas-data.s3.us-west-2.amazonaws.com/airline_logos/full_logo/miat_mongolian_airlines.png,https://api-ninjas-data.s3.us-west-2.amazonaws.com/airline_logos/brandmark/miat_mongolian_airlines.png,https://api-ninjas-data.s3.us-west-2.amazonaws.com/airline_logos/tail_logo/miat_mongolian_airlines.png,"2026-06-25 04:41:03","2026-06-25 04:41:03"
41,PIA,PK,PIA,Pakistan,1946,"Jinnah International Airport","{""A320"":15,""AT45"":3,""AT75"":1,""B772"":6,""B77L"":2,""B77W"":4,""total"":31}",https://api-ninjas-data.s3.us-west-2.amazonaws.com/airline_logos/full_logo/pia.png,https://api-ninjas-data.s3.us-west-2.amazonaws.com/airline_logos/brandmark/pia.png,https://api-ninjas-data.s3.us-west-2.amazonaws.com/airline_logos/tail_logo/pia.png,"2026-06-25 04:41:57","2026-06-25 04:41:57"
42,"Thai Airways",TG,THA,Thailand,1960,"Suvarnabhumi Airport","{""A333"":15,""A359"":12,""A388"":6,""B772"":6,""B77W"":17,""B788"":6,""B789"":2,""total"":64}",https://api-ninjas-data.s3.us-west-2.amazonaws.com/airline_logos/full_logo/thai_airways.png,https://api-ninjas-data.s3.us-west-2.amazonaws.com/airline_logos/brandmark/thai_airways.png,https://api-ninjas-data.s3.us-west-2.amazonaws.com/airline_logos/tail_logo/thai_airways.png,"2026-06-25 04:42:47","2026-06-25 04:42:47"
43,RwandAir,WB,RWD,Rwanda,2002,"Kigali International Airport","{""A332"":1,""A333"":1,""B38M"":1,""B737"":2,""B738"":4,""CRJ9"":2,""DH8D"":2,""total"":13}",https://api-ninjas-data.s3.us-west-2.amazonaws.com/airline_logos/full_logo/rwandair.png,https://api-ninjas-data.s3.us-west-2.amazonaws.com/airline_logos/brandmark/rwandair.png,https://api-ninjas-data.s3.us-west-2.amazonaws.com/airline_logos/tail_logo/rwandair.png,"2026-06-25 04:43:34","2026-06-25 04:43:34"
44,"Sichuan Airlines",3U,CSC,China,1986,"Chengdu Shuangliu International Airport","{""A20N"":19,""A21N"":21,""A319"":23,""A320"":54,""A321"":43,""A332"":9,""A333"":7,""A359"":4,""total"":180}",https://api-ninjas-data.s3.us-west-2.amazonaws.com/airline_logos/full_logo/sichuan_airlines.png,https://api-ninjas-data.s3.us-west-2.amazonaws.com/airline_logos/brandmark/sichuan_airlines.png,https://api-ninjas-data.s3.us-west-2.amazonaws.com/airline_logos/tail_logo/sichuan_airlines.png,"2026-06-25 04:44:41","2026-06-25 04:44:41"
45,"China Southern Airlines",CZ,CSN,China,1988,"Guangzhou Baiyun International Airport","{""A19N"":2,""A20N"":39,""A21N"":53,""A319"":10,""A320"":106,""A321"":99,""A332"":14,""A333"":26,""A359"":12,""A388"":3,""AJ27"":7,""B38M"":43,""B737"":26,""B738"":163,""B744"":1,""B77L"":14,""B77W"":16,""B788"":10,""B789"":20,""S92"":1,""total"":665}",https://api-ninjas-data.s3.us-west-2.amazonaws.com/airline_logos/full_logo/china_southern_airlines.png,https://api-ninjas-data.s3.us-west-2.amazonaws.com/airline_logos/brandmark/china_southern_airlines.png,https://api-ninjas-data.s3.us-west-2.amazonaws.com/airline_logos/tail_logo/china_southern_airlines.png,"2026-06-25 04:45:43","2026-06-25 04:45:43"
46,"China Eastern",MU,CES,China,1988,"Shanghai Hongqiao International Airport","{""A20N"":71,""A319"":35,""A320"":178,""A321"":77,""A332"":30,""A333"":25,""A359"":12,""B38M"":3,""B737"":40,""B738"":109,""B77W"":20,""B789"":5,""total"":605}",https://api-ninjas-data.s3.us-west-2.amazonaws.com/airline_logos/full_logo/china_eastern.png,https://api-ninjas-data.s3.us-west-2.amazonaws.com/airline_logos/brandmark/china_eastern.png,https://api-ninjas-data.s3.us-west-2.amazonaws.com/airline_logos/tail_logo/china_eastern.png,"2026-06-25 04:46:41","2026-06-25 04:46:41"
47,"Turkmenistan Airlines",T5,TUA,Turkmenistan,1992,"Ashgabat International Airport","{""B737"":2,""B738"":8,""B752"":3,""B77L"":3,""IL76"":3,""total"":19}",https://api-ninjas-data.s3.us-west-2.amazonaws.com/airline_logos/full_logo/turkmenistan_airlines.png,https://api-ninjas-data.s3.us-west-2.amazonaws.com/airline_logos/brandmark/turkmenistan_airlines.png,https://api-ninjas-data.s3.us-west-2.amazonaws.com/airline_logos/tail_logo/turkmenistan_airlines.png,"2026-06-25 04:47:46","2026-06-25 04:47:46"
48,"Air Algerie",AH,DAH,Algeria,1947,"Houari Boumediene Airport","{""A332"":8,""AT75"":12,""AT76"":3,""B736"":5,""B737"":2,""B738"":25,""C130"":1,""total"":56}",https://api-ninjas-data.s3.us-west-2.amazonaws.com/airline_logos/full_logo/air_algerie.png,https://api-ninjas-data.s3.us-west-2.amazonaws.com/airline_logos/brandmark/air_algerie.png,https://api-ninjas-data.s3.us-west-2.amazonaws.com/airline_logos/tail_logo/air_algerie.png,"2026-06-25 04:49:14","2026-06-25 04:49:14"
49,"Sky Express Greece",GQ,SEH,Greece,2005,"Heraklion Airport N. Kazantzakis","{""A20N"":8,""A320"":1,""AT45"":4,""AT75"":5,""AT76"":6,""total"":24}",https://api-ninjas-data.s3.us-west-2.amazonaws.com/airline_logos/full_logo/sky_express_greece.png,https://api-ninjas-data.s3.us-west-2.amazonaws.com/airline_logos/brandmark/sky_express_greece.png,https://api-ninjas-data.s3.us-west-2.amazonaws.com/airline_logos/tail_logo/sky_express_greece.png,"2026-06-25 04:56:50","2026-06-25 04:56:50"
50,"SCAT Airlines",DV,VSV,Kazakhstan,1997,"Shymkent International Airport","{""B38M"":1,""B39M"":1,""B733"":4,""B735"":3,""B737"":1,""B738"":3,""CRJ2"":5,""total"":18}",https://api-ninjas-data.s3.us-west-2.amazonaws.com/airline_logos/full_logo/scat_airlines.png,https://api-ninjas-data.s3.us-west-2.amazonaws.com/airline_logos/brandmark/scat_airlines.png,https://api-ninjas-data.s3.us-west-2.amazonaws.com/airline_logos/tail_logo/scat_airlines.png,"2026-06-25 04:57:54","2026-06-25 04:57:54"
51,"Air Montenegro",4O,MNE,Montenegro,2020,"Podgorica Airport","{""E195"":3,""total"":3}",https://api-ninjas-data.s3.us-west-2.amazonaws.com/airline_logos/full_logo/air_montenegro.png,https://api-ninjas-data.s3.us-west-2.amazonaws.com/airline_logos/brandmark/air_montenegro.png,https://api-ninjas-data.s3.us-west-2.amazonaws.com/airline_logos/tail_logo/air_montenegro.png,"2026-06-25 04:59:16","2026-06-25 04:59:16"
52,"Singapore Airlines",SQ,SIA,Singapore,1947,"Singapore Changi Airport","{""A359"":59,""A388"":17,""B38M"":15,""B738"":9,""B744"":7,""B772"":1,""B773"":2,""B77W"":27,""B78X"":18,""total"":155}",https://api-ninjas-data.s3.us-west-2.amazonaws.com/airline_logos/full_logo/singapore_airlines.png,https://api-ninjas-data.s3.us-west-2.amazonaws.com/airline_logos/brandmark/singapore_airlines.png,https://api-ninjas-data.s3.us-west-2.amazonaws.com/airline_logos/tail_logo/singapore_airlines.png,"2026-06-25 05:00:16","2026-06-25 05:00:16"
53,"Fly One",5F,FIA,Moldova,2016,"","{""A319"":1,""A320"":4,""total"":5}",https://api-ninjas-data.s3.us-west-2.amazonaws.com/airline_logos/full_logo/fly_one.png,https://api-ninjas-data.s3.us-west-2.amazonaws.com/airline_logos/brandmark/fly_one.png,https://api-ninjas-data.s3.us-west-2.amazonaws.com/airline_logos/tail_logo/fly_one.png,"2026-06-25 05:01:42","2026-06-25 05:01:42"
54,"Wizz Air",W6,WZZ,Hungary,2003,"Budapest Airport","{""A20N"":6,""A21N"":51,""A320"":57,""A321"":41,""total"":155}",https://api-ninjas-data.s3.us-west-2.amazonaws.com/airline_logos/full_logo/wizz_air.png,https://api-ninjas-data.s3.us-west-2.amazonaws.com/airline_logos/brandmark/wizz_air.png,https://api-ninjas-data.s3.us-west-2.amazonaws.com/airline_logos/tail_logo/wizz_air.png,"2026-06-25 05:02:41","2026-06-25 05:02:41"
55,"Uzbekistan Airways",HY,UZB,Uzbekistan,1992,"Tashkent International Airport","{""A20N"":3,""A21N"":3,""A320"":11,""AS50"":2,""B752"":2,""B763"":9,""B788"":7,""EC30"":2,""PC24"":1,""total"":40}",https://api-ninjas-data.s3.us-west-2.amazonaws.com/airline_logos/full_logo/uzbekistan_airways.png,https://api-ninjas-data.s3.us-west-2.amazonaws.com/airline_logos/brandmark/uzbekistan_airways.png,https://api-ninjas-data.s3.us-west-2.amazonaws.com/airline_logos/tail_logo/uzbekistan_airways.png,"2026-06-25 05:03:42","2026-06-25 05:03:42"
56,Tarom,RO,ROT,Romania,1954,"Bucharest Henri Coanda International Airport","{""A318"":4,""AT75"":2,""AT76"":8,""B733"":1,""B737"":4,""B738"":4,""total"":23}",https://api-ninjas-data.s3.us-west-2.amazonaws.com/airline_logos/full_logo/tarom.png,https://api-ninjas-data.s3.us-west-2.amazonaws.com/airline_logos/brandmark/tarom.png,https://api-ninjas-data.s3.us-west-2.amazonaws.com/airline_logos/tail_logo/tarom.png,"2026-06-25 05:08:19","2026-06-25 05:08:19"
57,"Air Serbia",JU,ASL,Serbia,1927,"Belgrad Nikola Tesla Airport","{""A319"":11,""A320"":1,""A332"":1,""AT72"":3,""AT75"":1,""AT76"":2,""total"":19}",https://api-ninjas-data.s3.us-west-2.amazonaws.com/airline_logos/full_logo/air_serbia.png,https://api-ninjas-data.s3.us-west-2.amazonaws.com/airline_logos/brandmark/air_serbia.png,https://api-ninjas-data.s3.us-west-2.amazonaws.com/airline_logos/tail_logo/air_serbia.png,"2026-06-25 05:10:41","2026-06-25 05:10:41"
58,"TAP Air Portugal",TP,TAP,Portugal,1945,"Lisbon Portela Airport","{""A20N"":11,""A21N"":20,""A319"":6,""A320"":15,""A321"":3,""A332"":3,""A339"":19,""AT76"":8,""E190"":12,""E195"":4,""total"":101}",https://api-ninjas-data.s3.us-west-2.amazonaws.com/airline_logos/full_logo/tap_air_portugal.png,https://api-ninjas-data.s3.us-west-2.amazonaws.com/airline_logos/brandmark/tap_air_portugal.png,https://api-ninjas-data.s3.us-west-2.amazonaws.com/airline_logos/tail_logo/tap_air_portugal.png,"2026-06-25 05:11:27","2026-06-25 05:11:27"
59,"All Nippon Airways",NH,ANA,Japan,1952,"Haneda Airport","{""A20N"":11,""A21N"":22,""A321"":4,""A388"":3,""B738"":39,""B763"":27,""B772"":10,""B773"":4,""B77L"":2,""B77W"":15,""B788"":36,""B789"":44,""B78X"":3,""DH8D"":24,""total"":244}",https://api-ninjas-data.s3.us-west-2.amazonaws.com/airline_logos/full_logo/all_nippon_airways.png,https://api-ninjas-data.s3.us-west-2.amazonaws.com/airline_logos/brandmark/all_nippon_airways.png,https://api-ninjas-data.s3.us-west-2.amazonaws.com/airline_logos/tail_logo/all_nippon_airways.png,"2026-06-25 05:12:31","2026-06-25 05:12:31"
60,"Asiana Airlines",OZ,AAR,"South Korea",1988,"Incheon International Airport","{""A21N"":5,""A320"":1,""A321"":14,""A333"":15,""A359"":13,""A388"":6,""B744"":13,""B763"":6,""B772"":9,""total"":82}",https://api-ninjas-data.s3.us-west-2.amazonaws.com/airline_logos/full_logo/asiana_airlines.png,https://api-ninjas-data.s3.us-west-2.amazonaws.com/airline_logos/brandmark/asiana_airlines.png,https://api-ninjas-data.s3.us-west-2.amazonaws.com/airline_logos/tail_logo/asiana_airlines.png,"2026-06-25 05:13:46","2026-06-25 05:13:46"
61,"Iran Air",IR,IRA,Iran,1961,"Mehrabad International Airport","{""A306"":4,""A30B"":2,""A310"":1,""A319"":2,""A320"":5,""A321"":1,""A332"":2,""AT76"":13,""B742"":1,""F100"":4,""MD82"":1,""total"":36}",https://api-ninjas-data.s3.us-west-2.amazonaws.com/airline_logos/full_logo/iran_air.png,https://api-ninjas-data.s3.us-west-2.amazonaws.com/airline_logos/brandmark/iran_air.png,https://api-ninjas-data.s3.us-west-2.amazonaws.com/airline_logos/tail_logo/iran_air.png,"2026-06-25 05:14:52","2026-06-25 05:14:52"
62,"Air Europa",UX,AEA,Spain,1986,"Palma de Mallorca Airport","{""AT75"":3,""B38M"":2,""B738"":16,""B788"":8,""B789"":18,""E195"":6,""total"":53}",https://api-ninjas-data.s3.us-west-2.amazonaws.com/airline_logos/full_logo/air_europa.png,https://api-ninjas-data.s3.us-west-2.amazonaws.com/airline_logos/brandmark/air_europa.png,https://api-ninjas-data.s3.us-west-2.amazonaws.com/airline_logos/tail_logo/air_europa.png,"2026-06-30 01:14:54","2026-06-30 01:14:54"
63,Ryanair,FR,RYR,Ireland,1984,"Dublin International Airport","{""B38M"":59,""B737"":1,""B738"":409,""LJ45"":3,""total"":472}",https://api-ninjas-data.s3.us-west-2.amazonaws.com/airline_logos/full_logo/ryanair.png,https://api-ninjas-data.s3.us-west-2.amazonaws.com/airline_logos/brandmark/ryanair.png,https://api-ninjas-data.s3.us-west-2.amazonaws.com/airline_logos/tail_logo/ryanair.png,"2026-06-30 01:18:20","2026-06-30 01:18:20"
64,Lufthansa,LH,DLH,Germany,1953,"Frankfurt Airport","{""A20N"":30,""A21N"":14,""A319"":35,""A320"":52,""A321"":51,""A333"":13,""A343"":17,""A346"":10,""A359"":22,""B744"":8,""B748"":19,""B789"":1,""CRJ9"":28,""E190"":9,""total"":309}",https://api-ninjas-data.s3.us-west-2.amazonaws.com/airline_logos/full_logo/lufthansa.png,https://api-ninjas-data.s3.us-west-2.amazonaws.com/airline_logos/brandmark/lufthansa.png,https://api-ninjas-data.s3.us-west-2.amazonaws.com/airline_logos/tail_logo/lufthansa.png,"2026-06-30 01:20:08","2026-06-30 01:20:08"
