id,airline_id,airport_id,created_at,updated_at
1,1,1,,
2,2,1,,
3,3,1,,
4,4,1,,
5,5,1,,
6,6,1,,
7,7,1,,
8,8,1,,
9,9,1,,
10,10,1,,
11,11,1,,
12,12,1,,
13,13,1,,
14,14,1,,
15,15,1,,
16,16,1,,
17,17,1,,
18,18,1,,
19,19,1,,
20,20,2,,
21,21,2,,
22,22,2,,
23,23,2,,
24,24,2,,
25,25,2,,
26,26,2,,
27,27,2,,
28,28,2,,
29,29,2,,
30,30,2,,
31,31,2,,
32,32,2,,
33,33,2,,
34,34,2,,
35,3,2,,
36,3,3,,
37,61,3,,
38,60,3,,
39,59,3,,
40,58,3,,
41,57,3,,
42,56,3,,
43,55,3,,
44,54,3,,
45,53,3,,
46,52,3,,
47,51,3,,
48,50,3,,
49,49,3,,
50,48,3,,
51,47,3,,
52,46,3,,
53,45,3,,
54,44,3,,
55,43,3,,
56,42,3,,
57,41,3,,
58,40,3,,
59,39,3,,
60,38,3,,
61,37,3,,
62,36,3,,
63,35,3,,
64,1,3,,
65,17,3,,
66,6,3,,
67,5,3,,
68,28,3,,
69,27,3,,
70,31,3,,
71,11,3,,
72,10,3,,
73,15,3,,
74,18,3,,
75,4,3,,
76,24,6,,
77,20,6,,
78,4,6,,
79,3,6,,
80,1,6,,
81,24,4,,
82,62,4,,
83,20,4,,
84,25,4,,
85,10,4,,
86,63,4,,
87,31,4,,
88,64,4,,
89,1,4,,
